"#","Game","Release date","Price","Score rank(Userscore / Metascore)","Owners","Playtime (Median)","Developer(s)","Publisher(s)"
"4","Dota 2","Jul 9, 2013","Free","66% (86%/90%)","100,000,000 .. 200,000,000","25:45 (12:33)","Valve","Valve"
"132","Warframe","Mar 25, 2013","Free","83% (92%/71%)","20,000,000 .. 50,000,000","17:05 (04:21)","Digital Extremes","Digital Extremes"
"39","War Thunder","Aug 15, 2013","Free","51% (80%/81%)","10,000,000 .. 20,000,000","10:08 (02:10)","Gaijin Entertainment","Gaijin Entertainment"
"55","PAYDAY 2","Aug 13, 2013","$9.99","58% (83%/79%)","10,000,000 .. 20,000,000","10:15 (02:26)","OVERKILL - a Starbreeze Studio.","Starbreeze Publishing AB"
"12","Tomb Raider","Mar 4, 2013","$19.99","93% (95%/86%)","5,000,000 .. 10,000,000","03:12 (00:59)","Crystal Dynamics, Eidos-Montréal, Feral Interactive (Mac), Feral Interactive (Linux)","Square Enix, Feral Interactive (Mac), Feral Interactive (Linux)"
"15","Path of Exile","Oct 23, 2013","Free","83% (92%/86%)","5,000,000 .. 10,000,000","11:52 (01:44)","Grinding Gear Games","Grinding Gear Games"
"101","Neverwinter","Dec 5, 2013","Free","47% (78%/74%)","5,000,000 .. 10,000,000","10:24 (02:39)","Cryptic Studios","Perfect World Entertainment"
"146","Age of Empires II HD","Apr 9, 2013","$19.99","90% (94%/68%)","5,000,000 .. 10,000,000","03:38 (01:47)","Skybox Labs, Hidden Path Entertainment, Ensemble Studios, Forgotten Empires","Microsoft Studios"
"1","BioShock Infinite","Mar 25, 2013","$29.99","93% (95%/94%)","2,000,000 .. 5,000,000","03:00 (01:02)","Irrational Games, Aspyr (Mac), Virtual Programming (Linux)","2K, Aspyr (Mac)"
"8","The Stanley Parable","Oct 17, 2013","$14.99","80% (91%/88%)","2,000,000 .. 5,000,000","03:03 (01:27)","Galactic Cafe","Galactic Cafe"
"13","Saints Row IV","Aug 19, 2013","$14.99","83% (92%/86%)","2,000,000 .. 5,000,000","02:49 (01:08)","Deep Silver Volition","Deep Silver"
"21","Papers, Please","Aug 8, 2013","$9.99","93% (95%/85%)","2,000,000 .. 5,000,000","01:56 (00:45)","Lucas Pope","3909"
"22","Trine 2: Complete Story","Jun 6, 2013","$19.99","93% (95%/84%)","2,000,000 .. 5,000,000","02:58 (01:42)","Frozenbyte","Frozenbyte"
"23","RIFT","Oct 24, 2013","Free","39% (74%/84%)","2,000,000 .. 5,000,000","01:41 (01:19)","Trion Worlds","Trion Worlds"
"28","Monaco: What's Yours Is Mine","Apr 24, 2013","$14.99","83% (92%/83%)","2,000,000 .. 5,000,000","00:58 (01:11)","Pocketwatch Games","Pocketwatch Games"
"44","Company of Heroes 2","Jun 25, 2013","$19.99","41% (75%/80%)","2,000,000 .. 5,000,000","05:49 (02:27)","Relic Entertainment, Feral Interactive (Mac), Feral Interactive (Linux)","SEGA, Feral Interactive (Mac), Feral Interactive (Linux)"
"47","Outlast","Sep 4, 2013","$19.99","95% (96%/80%)","2,000,000 .. 5,000,000","05:16 (00:33)","Red Barrels","Red Barrels"
"51","Brutal Legend","Feb 26, 2013","$14.99","90% (94%/80%)","2,000,000 .. 5,000,000","02:06 (01:21)","Double Fine Productions","Double Fine Productions"
"71","Sanctum 2","May 15, 2013","$14.99","87% (93%/77%)","2,000,000 .. 5,000,000","01:35 (01:00)","Coffee Stain Studios","Coffee Stain Publishing"
"80","Total War: ROME II - Emperor Edition","Sep 2, 2013","$59.95","28% (67%/76%)","2,000,000 .. 5,000,000","06:35 (03:00)","CREATIVE ASSEMBLY","SEGA"
"96","Star Conflict","Feb 27, 2013","Free","43% (76%/75%)","2,000,000 .. 5,000,000","05:17 (03:58)","Star Gem Inc.","Gaijin Entertainment"
"98","Batman: Arkham Origins","Oct 24, 2013","$19.99","60% (84%/74%)","2,000,000 .. 5,000,000","02:42 (01:23)","WB Games Montreal, Splash Damage","Warner Bros. Interactive Entertainment"
"103","Arma 3","Sep 12, 2013","$39.99","74% (89%/74%)","2,000,000 .. 5,000,000","12:24 (03:18)","Bohemia Interactive","Bohemia Interactive"
"111","Shadow Warrior","Sep 26, 2013","$39.99","87% (93%/73%)","2,000,000 .. 5,000,000","02:54 (01:31)","Flying Wild Hog","Devolver Digital"
"119","Amnesia: A Machine for Pigs","Sep 10, 2013","$19.99","25% (65%/72%)","2,000,000 .. 5,000,000","04:50 (06:20)","The Chinese Room","Frictional Games"
"164","The Bureau: XCOM Declassified","Aug 19, 2013","$19.99","27% (66%/66%)","2,000,000 .. 5,000,000","01:19 (01:23)","2K Marin","2K"
"313","RaceRoom Racing Experience","Feb 12, 2013","N/A","17% (58%)","2,000,000 .. 5,000,000","01:10 (00:34)","Sector3 Studios","Sector3 Studios, RaceRoom Entertainment AG"
"334","ORION: Prelude","Apr 16, 2013","$0.99","43% (76%)","2,000,000 .. 5,000,000","01:58 (02:53)","Spiral Game Studios","DANKIE"
"413","DayZ","Dec 16, 2013","$34.99","21% (61%)","2,000,000 .. 5,000,000","08:44 (04:14)","Bohemia Interactive","Bohemia Interactive"
"441","7 Days to Die","Dec 13, 2013","$24.99","49% (79%)","2,000,000 .. 5,000,000","09:38 (02:35)","The Fun Pimps","The Fun Pimps Entertainment LLC"
"494","DCS World Steam Edition","Mar 18, 2013","Free","43% (76%)","2,000,000 .. 5,000,000","02:56 (00:48)","Eagle Dynamics SA","The Fighter Collection"
"498","Cry of Fear","Apr 25, 2013","Free","63% (85%)","2,000,000 .. 5,000,000","02:59 (01:06)","Team Psykskallar","Team Psykskallar"
"512","Space Engineers","Oct 23, 2013","$24.99","68% (87%)","2,000,000 .. 5,000,000","06:57 (02:05)","Keen Software House","Keen Software House"
"2","FEZ","May 1, 2013","$9.99","83% (92%/91%)","1,000,000 .. 2,000,000","04:34 (03:50)","Polytron Corporation","Trapdoor"
"3","Deus Ex: Human Revolution - Director's Cut","Oct 25, 2013","$19.99","80% (91%/91%)","1,000,000 .. 2,000,000","05:24 (03:16)","Eidos Montreal, Feral Interactive (Mac)","Square Enix, Feral Interactive (Mac)"
"6","Brothers - A Tale of Two Sons","Sep 3, 2013","$14.99","90% (94%/90%)","1,000,000 .. 2,000,000","30:56 (91:01)","Starbreeze Studios AB","505 Games"
"11","Europa Universalis IV","Aug 13, 2013","$39.99","55% (82%/87%)","1,000,000 .. 2,000,000","10:42 (04:45)","Paradox Development Studio","Paradox Interactive"
"16","Rogue Legacy","Jun 27, 2013","$14.99","87% (93%/85%)","1,000,000 .. 2,000,000","00:57 (01:36)","Cellar Door Games","Cellar Door Games"
"18","DmC: Devil May Cry","Jan 24, 2013","$29.99","90% (94%/85%)","1,000,000 .. 2,000,000","02:45 (02:27)","Ninja Theory","Capcom"
"20","The Wolf Among Us","Oct 11, 2013","$14.99","97% (97%/85%)","1,000,000 .. 2,000,000","06:06 (04:04)","Telltale Games","Telltale Games"
"30","Skullgirls","Aug 22, 2013","$9.99","93% (95%/83%)","1,000,000 .. 2,000,000","01:04 (00:36)","Lab Zero Games","Marvelous, Autumn Games"
"31","Antichamber","Jan 31, 2013","$19.99","93% (95%/82%)","1,000,000 .. 2,000,000","01:04 (00:56)","Alexander Bruce","Demruth"
"37","Far Cry 3 - Blood Dragon","May 1, 2013","$14.99","71% (88%/81%)","1,000,000 .. 2,000,000","01:13 (00:49)","Ubisoft Montreal","Ubisoft"
"48","GRID 2","May 27, 2013","$29.99","51% (80%/80%)","1,000,000 .. 2,000,000","03:22 (02:47)","Codemasters Racing, Feral Interactive (Mac)","Codemasters, Feral Interactive (Mac)"
"68","Risk of Rain","Nov 8, 2013","$9.99","87% (93%/77%)","1,000,000 .. 2,000,000","02:35 (01:25)","Hopoo Games","Chucklefish"
"81","Shadowrun Returns","Jul 25, 2013","$14.99","71% (88%/76%)","1,000,000 .. 2,000,000","11:14 (00:50)","Harebrained Schemes","Paradox Interactive"
"99","Eador. Masters of the Broken World","Apr 19, 2013","$19.99","27% (66%/74%)","1,000,000 .. 2,000,000","02:50 (02:28)","Snowbird Games","Snowbird Games"
"133","Surgeon Simulator","Apr 19, 2013","$9.99","55% (82%/71%)","1,000,000 .. 2,000,000","00:12 (00:12)","Bossa Studios","Bossa Studios"
"138","Resident Evil 6 / Biohazard 6","Mar 22, 2013","$29.99","47% (78%/69%)","1,000,000 .. 2,000,000","06:47 (02:22)","Capcom","Capcom"
"150","Game Dev Tycoon","Aug 29, 2013","$9.99","93% (95%/68%)","1,000,000 .. 2,000,000","03:16 (02:01)","Greenheart Games","Greenheart Games"
"182","Contagion","Oct 25, 2013","$9.99","39% (74%/62%)","1,000,000 .. 2,000,000","02:00 (01:26)","Monochrome, Inc","Monochrome, Inc"
"191","How to Survive","Oct 23, 2013","$14.99","55% (82%/60%)","1,000,000 .. 2,000,000","02:08 (03:21)","Eko Software","505 Games"
"210","Sniper: Ghost Warrior 2","Mar 11, 2013","$9.99","33% (70%/52%)","1,000,000 .. 2,000,000","01:10 (00:17)","City Interactive","CI Games"
"232","Assassin’s Creed IV Black Flag","Nov 19, 2013","$19.99","68% (87%)","1,000,000 .. 2,000,000","03:33 (01:57)","Ubisoft Montreal","Ubisoft"
"280","Ragnarok Online 2","May 1, 2013","Free","18% (59%)","1,000,000 .. 2,000,000","00:03 (00:02)","Gravity, Inc.","Gravity Interactive"
"348","Dust: An Elysian Tail","May 24, 2013","$14.99","95% (96%)","1,000,000 .. 2,000,000","01:25 (00:47)","Humble Hearts LLC","Microsoft Studios"
"391","The Walking Dead: Season 2","Dec 17, 2013","N/A","93% (95%)","1,000,000 .. 2,000,000","02:23 (01:34)","Telltale Games","Telltale Games"
"435","FINAL FANTASY VII","Jul 4, 2013","$11.99","83% (92%)","1,000,000 .. 2,000,000","01:47 (01:11)","Square Enix","Square Enix"
"451","Injustice: Gods Among Us Ultimate Edition","Nov 12, 2013","$19.99","63% (85%)","1,000,000 .. 2,000,000","01:31 (01:48)","NetherRealm Studios, High Voltage Software","Warner Bros. Interactive Entertainment"
"459","Panzar","Apr 12, 2013","Free","25% (65%)","1,000,000 .. 2,000,000","06:13 (04:39)","Panzar Studio","OVALIS INVESTMENTS LIMITED"
"480","Knights and Merchants","Oct 14, 2013","$6.99","60% (84%)","1,000,000 .. 2,000,000","02:59 (03:56)","Topware Interactive","Topware Interactive"
"491","SNOW","Oct 10, 2013","Free","27% (66%)","1,000,000 .. 2,000,000","09:24 (02:22)","Poppermost Productions","Poppermost Productions"
"501","Just Cause 2: Multiplayer Mod","Dec 16, 2013","Free","80% (91%)","1,000,000 .. 2,000,000","01:39 (00:32)","Avalanche Studios","Square Enix"
"5","Spelunky","Aug 8, 2013","$14.99","80% (91%/90%)","500,000 .. 1,000,000","01:40 (01:02)","","Mossmouth"
"9","Guacamelee! Gold Edition","Aug 8, 2013","$14.99","90% (94%/88%)","500,000 .. 1,000,000","02:14 (00:59)","DrinkBox Studios","DrinkBox Studios"
"10","The Swapper","May 30, 2013","$14.99","93% (95%/87%)","500,000 .. 1,000,000","01:43 (01:38)","Olli Harjola, Otto Hantula, Tom Jubert, Carlo Castellano","Facepalm Games"
"14","Gone Home","Aug 15, 2013","$14.99","43% (76%/86%)","500,000 .. 1,000,000","00:00 (00:00)","Fullbright","Fullbright"
"26","Gunpoint","Jun 3, 2013","$9.99","97% (97%/83%)","500,000 .. 1,000,000","01:09 (01:27)","Suspicious Developments","Suspicious Developments"
"45","Wargame: Airland Battle","May 29, 2013","$19.99","71% (88%/80%)","500,000 .. 1,000,000","00:02 (00:00)","Eugen Systems","Focus Home Interactive"
"46","NARUTO SHIPPUDEN: Ultimate Ninja STORM 3 Full Burst HD","Oct 24, 2013","$19.99","74% (89%/80%)","500,000 .. 1,000,000","02:00 (03:57)","CyberConnect2 Co. Ltd.","BANDAI NAMCO Entertainment"
"56","State of Decay","Nov 5, 2013","N/A","60% (84%/79%)","500,000 .. 1,000,000","13:36 (04:32)","Undead Labs","Microsoft Studios"
"60","Race The Sun","Dec 9, 2013","$9.99","90% (94%/79%)","500,000 .. 1,000,000","00:16 (00:27)","Flippfly LLC","Flippfly LLC"
"62","Baldur's Gate II: Enhanced Edition","Nov 15, 2013","$19.99","63% (85%/78%)","500,000 .. 1,000,000","07:27 (07:26)","Beamdog","Beamdog"
"63","Teleglitch: Die More Edition","Jul 24, 2013","$12.99","77% (90%/78%)","500,000 .. 1,000,000","00:01 (00:00)","Test3 Projects","Paradox Interactive"
"65","LEGO Marvel Super Heroes","Oct 22, 2013","$19.99","80% (91%/78%)","500,000 .. 1,000,000","02:09 (01:05)","Traveller's Tales","Warner Bros. Interactive Entertainment, Feral Interactive (Mac)"
"66","Baldur's Gate: Enhanced Edition","Jan 16, 2013","$19.99","63% (85%/78%)","500,000 .. 1,000,000","26:37 (05:11)","Beamdog","Beamdog"
"73","Resident Evil Revelations / Biohazard Revelations","May 20, 2013","$29.99","58% (83%/77%)","500,000 .. 1,000,000","03:01 (03:12)","Capcom","Capcom"
"87","Poker Night 2","Apr 26, 2013","N/A","60% (84%/75%)","500,000 .. 1,000,000","00:36 (00:52)","Telltale Games","Telltale Games"
"95","Reus","May 16, 2013","$9.99","49% (79%/75%)","500,000 .. 1,000,000","01:16 (00:25)","Abbey Games","Abbey Games"
"97","The Bridge","Feb 22, 2013","$9.99","74% (89%/74%)","500,000 .. 1,000,000","00:27 (00:24)","Ty Taylor and Mario Castañeda, The Quantum Astrophysicists Guild","The Quantum Astrophysicists Guild"
"106","Worms Clan Wars","Aug 15, 2013","$4.99","43% (76%/73%)","500,000 .. 1,000,000","05:14 (04:47)","Team17 Digital Ltd","Team17 Digital Ltd"
"118","The Incredible Adventures of Van Helsing","May 22, 2013","$14.99","58% (83%/72%)","500,000 .. 1,000,000","01:34 (01:02)","NeocoreGames","NeocoreGames"
"124","Cities in Motion 2","Apr 2, 2013","$19.99","17% (58%/72%)","500,000 .. 1,000,000","01:57 (02:20)","Colossal Order Ltd.","Paradox Interactive"
"127","Hammerwatch","Aug 12, 2013","$9.99","74% (89%/72%)","500,000 .. 1,000,000","00:52 (00:29)","Crackshell","Crackshell"
"136","Democracy 3","Oct 14, 2013","$24.99","38% (73%/70%)","500,000 .. 1,000,000","01:29 (01:14)","Positech Games","Positech Games"
"172","Remember Me","Jun 3, 2013","$29.99","58% (83%/65%)","500,000 .. 1,000,000","04:30 (05:31)","DONTNOD Entertainment","Capcom"
"178","Sir, You Are Being Hunted","Aug 19, 2013","$19.99","51% (80%/63%)","500,000 .. 1,000,000","00:00 (00:00)","Big Robot Ltd","Big Robot Ltd"
"185","Sacred Citadel","Apr 16, 2013","$9.99","38% (73%/61%)","500,000 .. 1,000,000","01:12 (00:24)","Southend","Deep Silver"
"203","Guardians of Middle-earth","Aug 29, 2013","$19.99","3% (27%/56%)","500,000 .. 1,000,000","00:00 (00:00)","Zombie Studios","Warner Bros. Interactive Entertainment"
"262","Sid Meier’s Ace Patrol: Pacific Skies","Nov 5, 2013","$4.99","31% (69%)","500,000 .. 1,000,000","00:00 (00:00)","Firaxis Games","2K"
"268","THE KING OF FIGHTERS XIII STEAM EDITION","Sep 13, 2013","$19.99","68% (87%)","500,000 .. 1,000,000","01:39 (02:07)","SNK CORPORATION","SNK CORPORATION"
"293","Soldier Front 2","Jul 3, 2013","Free","49% (79%)","500,000 .. 1,000,000","00:00 (00:00)","Dragonfly","Aeria Games"
"325","The Plan","Feb 10, 2013","N/A","83% (92%)","500,000 .. 1,000,000","00:00 (00:00)","Krillbite Studio","Krillbite Studio"
"341","Fuse","Nov 6, 2013","Free","22% (62%)","500,000 .. 1,000,000","00:55 (00:26)","Mixamo","Mixamo"
"371","Magic 2014 — Duels of the Planeswalkers","Jun 26, 2013","$9.99","60% (84%)","500,000 .. 1,000,000","05:54 (05:53)","Stainless Games","Wizards of the Coast LLC"
"387","Bloody Trapland","Oct 27, 2013","$9.99","60% (84%)","500,000 .. 1,000,000","00:47 (00:48)","2Play","2Play"
"396","FINAL FANTASY VIII","Dec 5, 2013","$11.99","74% (89%)","500,000 .. 1,000,000","00:13 (00:04)","Square Enix","Square Enix"
"423","Viscera Cleanup Detail: Santa's Rampage","Dec 13, 2013","$2.49","77% (90%)","500,000 .. 1,000,000","03:06 (01:02)","RuneStorm","RuneStorm"
"432","Kingdom Wars","Apr 1, 2013","N/A","28% (67%)","500,000 .. 1,000,000","00:00 (00:00)","Reverie World Studios","Space Bullet Dynamics Corporation"
"449","Sid Meier’s Ace Patrol","Aug 27, 2013","$4.99","38% (73%)","500,000 .. 1,000,000","00:00 (00:00)","Firaxis Games","2K"
"463","Tom Clancy’s Splinter Cell Blacklist","Aug 20, 2013","$29.99","58% (83%)","500,000 .. 1,000,000","01:25 (01:16)","Ubisoft Toronto","Ubisoft"
"469","Receiver","Apr 29, 2013","$4.99","66% (86%)","500,000 .. 1,000,000","00:31 (00:50)","Wolfire Games","Wolfire Games"
"472","Pinball Arcade","Nov 4, 2013","Free","38% (73%)","500,000 .. 1,000,000","00:22 (00:12)","FarSight Studios","FarSight Studios"
"485","Project Zomboid","Nov 8, 2013","$14.99","66% (86%)","500,000 .. 1,000,000","07:16 (03:57)","The Indie Stone","The Indie Stone"
"493","Construct 2","Jan 25, 2013","Free","71% (88%)","500,000 .. 1,000,000","02:47 (01:23)","Scirra","Scirra"
"496","FORCED: Slightly Better Edition","Oct 24, 2013","$14.99","41% (75%)","500,000 .. 1,000,000","00:28 (00:09)","BetaDwarf","BetaDwarf"
"7","Rayman Legends","Sep 3, 2013","$29.99","83% (92%/89%)","200,000 .. 500,000","02:41 (02:07)","","Ubisoft"
"17","Trials Evolution: Gold Edition","Mar 21, 2013","$19.99","43% (76%/85%)","200,000 .. 500,000","00:11 (00:03)","Redlynx Ltd, Ubisoft Shanghaï","Ubisoft"
"19","BIT.TRIP Presents... Runner2: Future Legend of Rhythm Alien","Feb 26, 2013","$14.99","87% (93%/85%)","200,000 .. 500,000","00:39 (00:57)","Gaijin Games","Gaijin Games"
"25","Starseed Pilgrim","Apr 16, 2013","$5.99","43% (76%/83%)","200,000 .. 500,000","00:00 (00:00)","Droqen","Droqen's Games"
"33","Joe Danger 2: The Movie","Jun 24, 2013","$14.99","60% (84%/82%)","200,000 .. 500,000","00:00 (00:00)","Hello Games","Hello Games"
"38","Kentucky Route Zero","Feb 22, 2013","$24.99","60% (84%/81%)","200,000 .. 500,000","04:14 (01:24)","Cardboard Computer","Cardboard Computer"
"40","King Arthur's Gold","Nov 5, 2013","$9.99","55% (82%/81%)","200,000 .. 500,000","01:07 (00:53)","Transhuman Design","Transhuman Design"
"42","Fallen Enchantress: Legendary Heroes","May 22, 2013","$24.99","47% (78%/80%)","200,000 .. 500,000","19:08 (06:22)","Stardock Entertainment","Stardock Entertainment"
"49","La-Mulana","Apr 15, 2013","$14.99","55% (82%/80%)","200,000 .. 500,000","01:08 (00:32)","NIGORO","AGM PLAYISM"
"50","Proteus","Jan 30, 2013","$9.99","49% (79%/80%)","200,000 .. 500,000","00:00 (00:00)","Ed Key and David Kanaga","Twisted Tree"
"52","Goodbye Deponia","Oct 17, 2013","$19.99","74% (89%/80%)","200,000 .. 500,000","04:31 (03:31)","Daedalic Entertainment","Daedalic Entertainment"
"53","Weird Worlds: Return to Infinite Space","Mar 19, 2013","$4.99","34% (71%/79%)","200,000 .. 500,000","00:00 (00:00)","Digital Eel","Digital Eel"
"54","Memoria","Aug 29, 2013","$19.99","77% (90%/79%)","200,000 .. 500,000","02:23 (01:35)","Daedalic Entertainment","Daedalic Entertainment"
"57","Sang-Froid - Tales of Werewolves","Apr 5, 2013","Free","68% (87%/79%)","200,000 .. 500,000","00:00 (00:00)","Artifice Studio","Artifice Studio"
"69","TrackMania² Stadium","Feb 27, 2013","$9.99","55% (82%/77%)","200,000 .. 500,000","03:05 (01:13)","Nadeo","Ubisoft"
"70","Rise of Flight United","Sep 5, 2013","Free","13% (53%/77%)","200,000 .. 500,000","00:29 (00:09)","777 Studios","1C-777"
"74","Ace Combat Assault Horizon - Enhanced Edition","Jan 24, 2013","$19.99","19% (60%/77%)","200,000 .. 500,000","00:54 (01:09)","NAMCO","BANDAI NAMCO Entertainment"
"75","Eldritch","Oct 21, 2013","$14.99","71% (88%/77%)","200,000 .. 500,000","00:35 (00:45)","Minor Key Games","Minor Key Games"
"76","Anomaly 2","May 15, 2013","$14.99","47% (78%/77%)","200,000 .. 500,000","03:18 (01:06)","11 bit studios","11 bit studios"
"77","Teslagrad","Dec 13, 2013","$9.99","66% (86%/77%)","200,000 .. 500,000","02:09 (02:34)","Rain Games","Rain Games"
"83","Volgarr the Viking","Sep 13, 2013","$9.99","60% (84%/76%)","200,000 .. 500,000","01:26 (00:55)","Crazy Viking Studios","Adult Swim Games"
"84","SteamWorld Dig","Dec 5, 2013","$9.99","87% (93%/76%)","200,000 .. 500,000","00:00 (00:00)","Image & Form Games","Image & Form Games"
"88","Cubetractor","May 29, 2013","$9.99","74% (89%/75%)","200,000 .. 500,000","00:08 (00:02)","Ludochip","Ludochip"
"89","Anna - Extended Edition","Apr 12, 2013","$9.99","27% (66%/75%)","200,000 .. 500,000","00:48 (00:31)","Dreampainters","Kalypso Media Digital"
"91","Nihilumbra","Sep 25, 2013","$7.99","74% (89%/75%)","200,000 .. 500,000","00:00 (00:00)","BeautiFun Games","BeautiFun Games"
"93","The Night of the Rabbit","May 28, 2013","$19.99","77% (90%/75%)","200,000 .. 500,000","00:00 (00:00)","Daedalic Entertainment","Daedalic Entertainment"
"94","Beatbuddy: Tale of the Guardians","Aug 6, 2013","$9.99","66% (86%/75%)","200,000 .. 500,000","04:12 (01:24)","Threaks","Threaks"
"104","Divekick","Aug 20, 2013","$4.99","77% (90%/73%)","200,000 .. 500,000","00:00 (00:00)","Iron Galaxy","Iron Galaxy"
"109","Gas Guzzlers Extreme","Oct 8, 2013","$24.99","63% (85%/73%)","200,000 .. 500,000","01:14 (01:18)","Gamepires","Iceberg Interactive"
"125","The Journey Down: Chapter One","Jan 9, 2013","$8.99","68% (87%/72%)","200,000 .. 500,000","00:00 (00:00)","SkyGoblin","SkyGoblin"
"126","PixelJunk Monsters Ultimate","Aug 26, 2013","$9.99","53% (81%/72%)","200,000 .. 500,000","02:09 (01:06)","Double Eleven, Q-Games Ltd.","Double Eleven"
"129","Bionic Dues","Oct 8, 2013","$9.99","63% (85%/71%)","200,000 .. 500,000","00:00 (00:00)","Arcen Games, LLC","Arcen Games, LLC"
"134","ENSLAVED: Odyssey to the West Premium Edition","Oct 24, 2013","$19.99","63% (85%/70%)","200,000 .. 500,000","00:37 (00:12)","Ninja Theory","BANDAI NAMCO Entertainment"
"135","Papo & Yo","Apr 18, 2013","$14.99","93% (95%/70%)","200,000 .. 500,000","00:01 (00:00)","Minority Media Inc.","Minority Media"
"139","Shelter","Aug 28, 2013","$9.99","66% (86%/69%)","200,000 .. 500,000","01:42 (00:36)","Might and Delight","Might and Delight"
"142","Megabyte Punch","Oct 15, 2013","$14.99","83% (92%/69%)","200,000 .. 500,000","00:28 (00:09)","Team Reptile","Team Reptile"
"144","The Cave","Jan 23, 2013","$14.99","66% (86%/68%)","200,000 .. 500,000","00:03 (00:01)","Double Fine Productions","Double Fine Productions"
"147","Scribblenauts Unmasked: A DC Comics Adventure","Sep 24, 2013","$19.99","51% (80%/68%)","200,000 .. 500,000","02:58 (02:49)","5th Cell Media","Warner Bros. Interactive Entertainment"
"155","Long Live The Queen","Nov 8, 2013","$9.99","93% (95%/67%)","200,000 .. 500,000","01:23 (01:22)","Hanako Games","Hanako Games"
"157","Rise of the Triad","Jul 31, 2013","$14.99","31% (69%/67%)","200,000 .. 500,000","00:00 (00:00)","Slipgate Studios™","Apogee Software"
"158","The Banner Saga: Factions","Feb 25, 2013","Free","39% (74%/67%)","200,000 .. 500,000","02:12 (01:42)","Stoic","Versus Evil"
"161","DuckTales: Remastered","Aug 13, 2013","$14.99","66% (86%/66%)","200,000 .. 500,000","00:18 (00:06)","WayForward","Capcom"
"168","Strike Suit Zero","Jan 23, 2013","$19.99","51% (80%/66%)","200,000 .. 500,000","00:00 (00:00)","Born Ready Games Ltd.","Born Ready Games"
"173","Slender: The Arrival","Oct 28, 2013","$9.99","71% (88%/65%)","200,000 .. 500,000","00:37 (00:54)","Blue Isle Studios","Blue Isle Studios"
"176","Dragon's Prophet","Sep 18, 2013","Free","31% (69%/63%)","200,000 .. 500,000","00:00 (00:00)","Runewaker","Infernum Productions AG"
"180","Contrast","Nov 15, 2013","$9.99","77% (90%/62%)","200,000 .. 500,000","00:55 (00:18)","Compulsion Games","Focus Home Interactive"
"183","Legend of Dungeon","Sep 13, 2013","$9.99","38% (73%/62%)","200,000 .. 500,000","02:59 (02:16)","Robot Loves Kitty","SNK CORPORATION"
"184","Sniper Elite: Nazi Zombie Army","Feb 28, 2013","$14.99","71% (88%/62%)","200,000 .. 500,000","00:00 (00:00)","Rebellion","Rebellion"
"188","Evoland","Apr 4, 2013","$9.99","58% (83%/61%)","200,000 .. 500,000","00:51 (00:29)","Shiro Games","Shiro Games"
"192","Deadly Premonition: The Director's Cut","Oct 29, 2013","$24.99","31% (69%/59%)","200,000 .. 500,000","07:49 (02:36)","Rising Star Games","Rising Star Games"
"193","Mars: War Logs","Apr 26, 2013","$14.99","36% (72%/59%)","200,000 .. 500,000","00:00 (00:00)","Spiders","Focus Home Interactive"
"197","Space Hulk","Aug 15, 2013","$24.99","31% (69%/58%)","200,000 .. 500,000","00:00 (00:00)","Full Control Studios","Full Control"
"199","God Mode","Apr 19, 2013","$9.99","31% (69%/58%)","200,000 .. 500,000","00:00 (00:00)","Old School Games","ATLUS USA"
"205","Sniper Elite: Nazi Zombie Army 2","Oct 31, 2013","$14.99","60% (84%/53%)","200,000 .. 500,000","01:22 (00:54)","","Rebellion"
"208","Alien Rage - Unlimited","Sep 24, 2013","$19.99","34% (71%/52%)","200,000 .. 500,000","00:08 (00:02)","CI Games","CI Games"
"213","Arma Tactics","Oct 1, 2013","$8.99","4% (34%/47%)","200,000 .. 500,000","02:23 (01:35)","Bohemia Interactive","Bohemia Interactive"
"221","X Rebirth","Nov 15, 2013","$29.99","6% (39%/33%)","200,000 .. 500,000","00:12 (00:07)","Egosoft","Egosoft"
"226","Cook, Serve, Delicious!","Oct 8, 2013","$9.99","93% (95%)","200,000 .. 500,000","00:26 (00:34)","Vertigo Gaming Inc.","Vertigo Gaming Inc."
"230","Talisman: Prologue","Oct 14, 2013","$6.99","30% (68%)","200,000 .. 500,000","00:00 (00:00)","Nomad Games","Nomad Games"
"236","Lost Saga NA","Dec 8, 2013","Free","19% (60%)","200,000 .. 500,000","00:23 (00:15)","IO Entertainment","Smilegate West"
"240","The Typing of The Dead: Overkill","Oct 29, 2013","$19.99","66% (86%)","200,000 .. 500,000","01:39 (00:33)","Modern Dream","SEGA"
"244","Numba Deluxe","Mar 23, 2013","$2.99","55% (82%)","200,000 .. 500,000","00:00 (00:00)","Cobra Mobile","KISS ltd"
"257","Omerta - City of Gangsters","Jan 31, 2013","$14.99","21% (61%)","200,000 .. 500,000","01:14 (00:24)","Haemimont Games","Kalypso Media Digital"
"270","Penny Arcade's On the Rain-Slick Precipice of Darkness 4","Jun 7, 2013","$1.99","58% (83%)","200,000 .. 500,000","01:01 (00:40)","Zeboyd Games","Penny Arcade, Inc."
"271","Edna & Harvey: The Breakout","Oct 25, 2013","$14.99","55% (82%)","200,000 .. 500,000","00:30 (00:20)","Daedalic Entertainment","Daedalic Entertainment"
"274","Savant - Ascent","Dec 4, 2013","$1.99","90% (94%)","200,000 .. 500,000","00:23 (00:07)","D-Pad Studio","Studio V5"
"279","Dungeon-Party","Mar 13, 2013","Free","6% (40%)","200,000 .. 500,000","00:00 (00:00)","Cyanide Studio","Bigben Interactive"
"287","Kenshi","Mar 20, 2013","$19.99","74% (89%)","200,000 .. 500,000","13:38 (07:02)","Lo-Fi Games","Lo-Fi Games"
"290","Knights of Pen and Paper +1 Edition","Jun 18, 2013","$9.99","63% (85%)","200,000 .. 500,000","04:09 (02:51)","Behold Studios","Paradox Interactive"
"301","Interstellar Marines","Jul 2, 2013","$9.99","22% (62%)","200,000 .. 500,000","04:02 (01:20)","Zero Point Software","Zero Point Software"
"304","Cities XL Platinum","Feb 6, 2013","$9.99","15% (55%)","200,000 .. 500,000","00:34 (00:22)","Focus Home Interactive","Focus Home Interactive"
"316","Bridge Constructor","Oct 16, 2013","$9.99","41% (75%)","200,000 .. 500,000","04:12 (03:58)","ClockStone","Headup Games"
"317","Castlevania: Lords of Shadow – Ultimate Edition","Aug 27, 2013","$29.99","49% (79%)","200,000 .. 500,000","02:43 (03:37)","MercurySteam - Climax Studios","Konami Digital Entertainment"
"321","fault - milestone one","Aug 9, 2013","$14.99","90% (94%)","200,000 .. 500,000","01:53 (00:37)","ALICE IN DISSONANCE","Sekai Project"
"332","Champions of Regnum","Feb 27, 2013","Free","21% (61%)","200,000 .. 500,000","00:00 (00:00)","NGD Studios","NGD Studios"
"336","LOST PLANET 3","Aug 26, 2013","$24.99","22% (62%)","200,000 .. 500,000","00:00 (00:00)","Spark Unlimited","Capcom"
"342","DLC Quest","Mar 18, 2013","$2.99","71% (88%)","200,000 .. 500,000","01:20 (00:41)","Going Loud Studios","Going Loud Studios"
"351","100% Orange Juice","Sep 10, 2013","$6.99","90% (94%)","200,000 .. 500,000","03:18 (01:27)","Orange_Juice","Fruitbat Factory"
"359","Zeno Clash 2","Apr 30, 2013","$14.99","51% (80%)","200,000 .. 500,000","00:52 (00:17)","ACE Team","ATLUS USA"
"361","King’s Bounty: Legions","Dec 10, 2013","Free","12% (51%)","200,000 .. 500,000","00:00 (00:00)","Nival","Nival"
"368","The 39 Steps","Apr 25, 2013","$14.99","53% (81%)","200,000 .. 500,000","03:27 (04:14)","The Story Mechanics","KISS ltd"
"374","Toki Tori 2+","Jul 11, 2013","$14.99","66% (86%)","200,000 .. 500,000","00:00 (00:00)","Two Tribes","Two Tribes"
"375","Marvel Puzzle Quest","Dec 5, 2013","Free","31% (69%)","200,000 .. 500,000","00:43 (00:14)","Demiurge Studios","D3 Go!"
"394","Earth 2140","Nov 15, 2013","$4.99","14% (54%)","200,000 .. 500,000","03:58 (05:12)","Reality Pump Studios","Topware Interactive ACE, ACE"
"405","PAC-MAN Championship Edition DX+","Sep 24, 2013","$9.99","95% (96%)","200,000 .. 500,000","00:04 (00:02)","Mine Loader Software Co., Ltd.","BANDAI NAMCO Entertainment"
"416","Organ Trail: Director's Cut","Mar 19, 2013","$4.99","74% (89%)","200,000 .. 500,000","00:09 (00:05)","The Men Who Wear Many Hats","The Men Who Wear Many Hats"
"421","Professional Farmer 2014","Nov 27, 2013","$14.99","8% (45%)","200,000 .. 500,000","00:00 (00:00)","PlayWay S.A.","United Independent Entertainment GmbH"
"422","Monster Loves You!","Mar 18, 2013","$9.99","41% (75%)","200,000 .. 500,000","00:00 (00:00)","Radial Games Corp, Dejobaan Games, LLC","Radial Games Corp"
"428","Pool Nation","Oct 18, 2013","$6.99","77% (90%)","200,000 .. 500,000","00:17 (00:11)","Cherry Pop Games","Cherry Pop Games"
"430","Cobi Treasure Deluxe","Dec 2, 2013","$2.99","39% (74%)","200,000 .. 500,000","04:25 (01:28)","Cobra Mobile","KISS ltd"
"440","Viscera Cleanup Detail: Shadow Warrior","Oct 11, 2013","$39.99","49% (79%)","200,000 .. 500,000","00:05 (00:02)","RuneStorm","Devolver Digital"
"456","Age of Conan: Unchained","Feb 22, 2013","Free","31% (69%)","200,000 .. 500,000","05:54 (03:56)","Funcom","Funcom"
"471","Iesabel","Jul 7, 2013","$4.99","2% (25%)","200,000 .. 500,000","00:00 (00:00)","","Forever Entertainment S. A."
"503","Divinity: Dragon Commander","Aug 6, 2013","$39.99","38% (73%)","200,000 .. 500,000","02:15 (01:29)","Larian Studios","Larian Studios"
"507","Farming Simulator 2013 Titanium Edition","Oct 9, 2013","$14.99","77% (90%)","200,000 .. 500,000","00:26 (00:33)","Giants Software","Giants Software"
"24","Giana Sisters: Twisted Dreams - Rise of the Owlverlord","Sep 26, 2013","$4.99","66% (86%/84%)","100,000 .. 200,000","00:00 (00:00)","Black Forest Games","HandyGames, Black Forest Games"
"27","Valdis Story: Abyssal City","Sep 8, 2013","$14.99","60% (84%/83%)","100,000 .. 200,000","00:00 (00:00)","","Endlessfluff Games"
"36","Desktop Dungeons","Nov 7, 2013","$14.99","77% (90%/82%)","100,000 .. 200,000","00:05 (00:01)","QCF Design","QCF Design"
"43","140","Oct 16, 2013","$4.99","90% (94%/80%)","100,000 .. 200,000","01:03 (00:41)","Carlsen Games","Carlsen Games"
"58","Super House of Dead Ninjas","Feb 18, 2013","$6.99","95% (96%/79%)","100,000 .. 200,000","02:19 (04:09)","Megadev","Adult Swim Games"
"59","TrackMania² Valley","Jul 4, 2013","$19.99","43% (76%/79%)","100,000 .. 200,000","00:58 (00:19)","Nadeo","Ubisoft"
"67","Expeditions: Conquistador","May 30, 2013","$19.99","49% (79%/77%)","100,000 .. 200,000","22:17 (14:16)","Logic Artists","THQ Nordic"
"78","Angry Video Game Nerd Adventures","Sep 20, 2013","$4.99","74% (89%/77%)","100,000 .. 200,000","00:06 (00:02)","FreakZone Games","Screenwave Media"
"79","Syder Arcade","Oct 24, 2013","$9.99","68% (87%/76%)","100,000 .. 200,000","00:00 (00:00)","Studio Evil","Studio Evil"
"82","Kairo","Apr 24, 2013","$4.99","41% (75%/76%)","100,000 .. 200,000","00:00 (00:00)","Locked Door Puzzle","Lupus Studios Limited"
"90","Ring Runner: Flight of the Sages","Jul 9, 2013","$4.99","63% (85%/75%)","100,000 .. 200,000","04:50 (01:36)","Triple.B.Titles","Triple.B.Titles"
"92","Anodyne","Mar 22, 2013","$9.99","71% (88%/75%)","100,000 .. 200,000","00:00 (00:00)","Sean Han Tani, Marina Kittaka","Analgesic Productions"
"100","Incredipede","Mar 18, 2013","$9.99","47% (78%/74%)","100,000 .. 200,000","00:08 (00:02)","Colin Northway with art by Thomas Shahan","Northway Games"
"105","Fieldrunners 2","Jan 10, 2013","$9.99","66% (86%/73%)","100,000 .. 200,000","01:33 (00:31)","Subatomic Studios LLC","Subatomic Studios LLC"
"112","PixelJunk Shooter","Nov 11, 2013","$8.99","90% (94%/73%)","100,000 .. 200,000","00:58 (00:19)","Double Eleven, Q-Games Ltd.","Double Eleven"
"113","Guncraft","Aug 9, 2013","$14.99","11% (50%/73%)","100,000 .. 200,000","00:00 (00:00)","Exato Games Studio","Reverb Triple XP"
"114","Super Splatters","Jun 26, 2013","$9.99","74% (89%/73%)","100,000 .. 200,000","00:00 (00:00)","SpikySnail","SpikySnail"
"115","CastleStorm","Jul 29, 2013","$9.99","74% (89%/73%)","100,000 .. 200,000","00:00 (00:00)","Zen Studios","Zen Studios"
"121","The Inner World","Sep 27, 2013","$14.99","83% (92%/72%)","100,000 .. 200,000","00:08 (00:02)","Studio Fizbin","Headup Games"
"122","Skulls of the Shogun","Jul 29, 2013","$9.99","80% (91%/72%)","100,000 .. 200,000","00:00 (00:00)","17-BIT","17-BIT"
"130","Lilly Looking Through","Nov 1, 2013","$9.99","49% (79%/71%)","100,000 .. 200,000","00:00 (00:00)","Geeta Games","Libredia"
"141","Thunder Wolves","May 15, 2013","$9.99","74% (89%/69%)","100,000 .. 200,000","00:00 (00:00)","Most Wanted Entertainment","HandyGames"
"148","A Valley Without Wind 2","Feb 18, 2013","$14.99","10% (48%/68%)","100,000 .. 200,000","00:00 (00:00)","Arcen Games, LLC","Arcen Games, LLC"
"149","Space Rangers HD: A War Apart","Oct 17, 2013","$14.99","90% (94%/68%)","100,000 .. 200,000","02:53 (02:01)","SNK Games, Elemental Games, Katauri Interactive","1C Entertainment"
"151","Cubemen 2","Apr 8, 2013","$7.99","34% (71%/68%)","100,000 .. 200,000","00:00 (00:00)","3 Sprockets","3 Sprockets"
"153","Ittle Dew","Jul 23, 2013","$9.99","83% (92%/67%)","100,000 .. 200,000","00:00 (00:00)","Ludosity","Ludosity"
"154","10,000,000","Jan 15, 2013","$4.99","77% (90%/67%)","100,000 .. 200,000","01:15 (01:12)","EightyEightGames","EightyEightGames"
"160","Final Exam","Nov 5, 2013","$9.99","66% (86%/66%)","100,000 .. 200,000","01:38 (00:32)","Mighty Rocket Studio","Focus Home Interactive"
"162","Strike Suit Infinity","Apr 30, 2013","$6.99","63% (85%/66%)","100,000 .. 200,000","01:22 (00:27)","Born Ready Games Ltd.","Born Ready Games"
"170","The Novelist","Dec 10, 2013","$9.99","53% (81%/66%)","100,000 .. 200,000","00:00 (00:00)","Orthogonal Games","Maxistentialism"
"171","Journey of a Roach","Nov 4, 2013","$6.99","71% (88%/65%)","100,000 .. 200,000","00:30 (00:10)","Koboldgames, Daedalic Entertainment","Daedalic Entertainment"
"174","Skyward Collapse","May 23, 2013","$4.99","8% (45%/64%)","100,000 .. 200,000","00:00 (00:00)","Arcen Games, LLC","Arcen Games, LLC"
"186","StarDrive","Apr 26, 2013","$29.99","7% (41%/61%)","100,000 .. 200,000","00:00 (00:00)","Zero Sum Games","Iceberg Interactive"
"189","Violett Remastered","Dec 13, 2013","$9.99","18% (59%/61%)","100,000 .. 200,000","01:46 (00:35)","Forever Entertainment S. A.","Forever Entertainment S. A."
"198","Prime World: Defenders","Jun 5, 2013","$9.99","49% (79%/58%)","100,000 .. 200,000","00:00 (00:00)","Nival","Nival"
"200","Urban Trial Freestyle","Sep 18, 2013","Free","55% (82%/58%)","100,000 .. 200,000","03:32 (01:10)","Tate Multimedia","Tate Multimedia"
"202","Two Brothers","Dec 3, 2013","N/A","3% (30%/57%)","100,000 .. 200,000","00:00 (00:00)","Ackk Studios","Ackk Studios"
"204","Darkout","Dec 4, 2013","$14.99","14% (54%/55%)","100,000 .. 200,000","00:00 (00:00)","Allgraf","KISS ltd"
"206","Deadfall Adventures","Nov 15, 2013","$19.99","36% (72%/53%)","100,000 .. 200,000","00:00 (00:00)","The Farm 51","THQ Nordic"
"207","Speedball 2 HD","Dec 5, 2013","$9.99","31% (69%/53%)","100,000 .. 200,000","00:00 (00:00)","Vivid Games","Mastertronic"
"211","Gomo","Dec 6, 2013","$4.99","41% (75%/50%)","100,000 .. 200,000","01:18 (00:51)","Fishcow Studio","Daedalic Entertainment"
"215","Impire","Feb 14, 2013","$19.99","8% (45%/45%)","100,000 .. 200,000","00:00 (00:00)","Cyanide Montreal","Paradox Interactive"
"223","Unholy Heights","Aug 16, 2013","$3.99","77% (90%)","100,000 .. 200,000","00:00 (00:00)","Petit Depotto","AGM PLAYISM"
"225","1953 - KGB Unleashed","Sep 20, 2013","$5.99","23% (63%)","100,000 .. 200,000","00:00 (00:00)","","United Independent Entertainment GmbH"
"242","Rising Angels: Reborn","Oct 31, 2013","Free","51% (80%)","100,000 .. 200,000","00:00 (00:00)","IDHAS Studios","Sekai Project"
"247","Another World – 20th Anniversary Edition","Apr 4, 2013","$9.99","63% (85%)","100,000 .. 200,000","00:00 (00:00)","Eric Chahi, DotEmu","The Digital Lounge"
"250","Draw a Stickman: EPIC","Dec 3, 2013","$3.99","45% (77%)","100,000 .. 200,000","00:00 (00:00)","Hitcents","Hitcents"
"253","Anomaly Korea","Nov 6, 2013","$4.99","30% (68%)","100,000 .. 200,000","01:59 (01:02)","11 bit studios","11 bit studios"
"256","Jones On Fire","Mar 14, 2013","$2.99","60% (84%)","100,000 .. 200,000","01:32 (00:30)","Glass Bottom Games","Glass Bottom Games"
"259","FootLOL: Epic Fail League","Aug 7, 2013","$9.99","58% (83%)","100,000 .. 200,000","00:00 (00:00)","Lion's Shade","HeroCraft"
"263","Rush Bros.","May 24, 2013","$9.99","24% (64%)","100,000 .. 200,000","00:00 (00:00)","XYLA Entertainment","Digital Tribe"
"265","Chainsaw Warrior","Oct 7, 2013","$4.99","30% (68%)","100,000 .. 200,000","00:00 (00:00)","Auroch Digital","Auroch Digital"
"273","Tribloos 2","Jan 12, 2013","$4.99","80% (91%)","100,000 .. 200,000","00:00 (00:00)","BumpkinBrothers","BumpkinBrothers"
"276","Small World 2","Dec 11, 2013","$9.99","39% (74%)","100,000 .. 200,000","04:01 (01:20)","Days of Wonder","Days of Wonder, Asmodee Digital"
"277","Soul Gambler","Aug 1, 2013","$2.99","71% (88%)","100,000 .. 200,000","00:00 (00:00)","Tlön Studios","Gamestorming"
"308","OMSI 2: Steam Edition","Dec 11, 2013","$29.99","34% (71%)","100,000 .. 200,000","05:32 (02:57)","MR-Software GbR","Aerosoft GmbH"
"311","Castle of Illusion","Sep 4, 2013","$14.99","74% (89%)","100,000 .. 200,000","00:28 (00:18)","SEGA Studios Australia, Feral Interactive (Mac)","SEGA, Feral Interactive (Mac)"
"318","Huntsman: The Orphanage (Halloween Edition)","Sep 13, 2013","$9.99","5% (37%)","100,000 .. 200,000","00:00 (00:00)","ShadowShifters","ShadowShifters"
"330","Solar Flux","Oct 24, 2013","$9.99","49% (79%)","100,000 .. 200,000","02:16 (00:45)","Firebrand Games","Firebrand Games"
"353","7 Grand Steps: What Ancients Begat","Jun 7, 2013","$19.99","18% (59%)","100,000 .. 200,000","00:00 (00:00)","Mousechief","Mousechief"
"354","Type:Rider","Nov 6, 2013","$4.99","55% (82%)","100,000 .. 200,000","00:00 (00:00)","Ex Nihilo","Plug In Digital"
"358","International Snooker","Jan 11, 2013","$12.99","22% (62%)","100,000 .. 200,000","00:10 (00:06)","Big Head Games","KISS ltd"
"360","Ravensword: Shadowlands","Dec 6, 2013","$6.99","14% (54%)","100,000 .. 200,000","00:00 (00:00)","Crescent Moon Games","Crescent Moon Games"
"362","If My Heart Had Wings","Jun 28, 2013","$14.99","83% (92%)","100,000 .. 200,000","01:21 (01:13)","MoeNovel","MoeNovel"
"373","Axis Game Factory's AGFPRO v3","Nov 19, 2013","$9.99","21% (61%)","100,000 .. 200,000","00:00 (00:00)","Axis Game Factory LLC","Axis Game Factory LLC"
"376","BattleSpace","Sep 27, 2013","N/A","4% (33%)","100,000 .. 200,000","00:00 (00:00)","Funnel Inc.","Whybe Online"
"378","Super Amazing Wagon Adventure","Oct 17, 2013","$2.99","93% (95%)","100,000 .. 200,000","00:31 (00:20)","sparsevector","sparsevector"
"383","Electronic Super Joy","Aug 23, 2013","$7.99","77% (90%)","100,000 .. 200,000","00:49 (00:57)","Michael Todd Games","Michael Todd Games"
"386","Clickteam Fusion 2.5","Dec 5, 2013","$99.99","77% (90%)","100,000 .. 200,000","29:03 (26:59)","Clickteam","Clickteam"
"389","Portal 2 Sixense Perceptual Pack","Sep 20, 2013","N/A","9% (46%)","100,000 .. 200,000","02:04 (02:27)","","Sixense"
"395","Bridge Project","Mar 28, 2013","$19.99","10% (48%)","100,000 .. 200,000","00:00 (00:00)","Halycon Media GmbH & Co. KG","THQ Nordic"
"402","Shufflepuck Cantina Deluxe","Dec 6, 2013","$9.99","71% (88%)","100,000 .. 200,000","00:20 (00:06)","Agharta Studio","Agharta Studio"
"409","Dungeons & Dragons: Chronicles of Mystara","Jun 18, 2013","$14.99","51% (80%)","100,000 .. 200,000","01:48 (01:48)","Iron Galaxy Studios","Capcom"
"415","Survivor Squad","Nov 8, 2013","$2.99","30% (68%)","100,000 .. 200,000","01:18 (00:26)","Endless Loop Studios","Endless Loop Studios"
"418","Steam Marines","Sep 4, 2013","$19.99","14% (54%)","100,000 .. 200,000","00:00 (00:00)","Worthless Bums","Red Barrels"
"419","Coin Crypt","Nov 18, 2013","$9.99","83% (92%)","100,000 .. 200,000","00:00 (00:00)","Greg Lobanov","Strategy First"
"420","Bleed","Jul 3, 2013","$4.99","83% (92%)","100,000 .. 200,000","00:00 (00:00)","Ian Campbell","Ian Campbell"
"426","The Apogee Throwback Pack","Jul 1, 2013","$9.99","93% (95%)","100,000 .. 200,000","00:00 (00:00)","Interceptor Entertainment","Apogee Software"
"431","Ballpoint Universe - Infinite","Dec 17, 2013","$3.99","68% (87%)","100,000 .. 200,000","00:00 (00:00)","Arachnid Games","Arachnid Games"
"439","Paranautical Activity: Deluxe Atonement Edition","Feb 14, 2013","$9.99","34% (71%)","100,000 .. 200,000","00:17 (00:05)","Digerati Distribution","Digerati Distribution"
"442","Hive","Nov 15, 2013","$9.99","77% (90%)","100,000 .. 200,000","00:00 (00:00)","BlueLine Games","BlueLine Games"
"450","Super Sanctum TD","May 9, 2013","$4.99","68% (87%)","100,000 .. 200,000","00:22 (00:07)","Coffee Stain Studios","Coffee Stain Publishing"
"453","Ys I & II Chronicles+","Feb 14, 2013","$14.99","71% (88%)","100,000 .. 200,000","00:06 (00:02)","Nihon Falcom","XSEED Games"
"458","Finding Teddy","Dec 3, 2013","$6.99","55% (82%)","100,000 .. 200,000","00:00 (00:00)","Storybird","LookAtMyGame, Plug In Digital"
"462","DisplayFusion","Mar 29, 2013","$34.99","83% (92%)","100,000 .. 200,000","00:10 (00:03)","Binary Fortress Software","Binary Fortress Software"
"466","Anomaly Warzone Earth Mobile Campaign","Nov 6, 2013","$4.99","47% (78%)","100,000 .. 200,000","00:52 (01:08)","11 bit studios","11 bit studios"
"468","Jack Lumber","Apr 30, 2013","$4.99","66% (86%)","100,000 .. 200,000","00:00 (00:00)","Owlchemy Labs","Owlchemy Labs"
"477","Manhunter","Jan 29, 2013","$4.99","3% (30%)","100,000 .. 200,000","01:38 (00:32)","Silden","KISS ltd"
"479","Nightmares from the Deep 2: The Siren`s Call","Jul 24, 2013","$9.99","90% (94%)","100,000 .. 200,000","01:53 (01:15)","Artifex Mundi","Artifex Mundi"
"482","Demonicon","Oct 24, 2013","$9.99","27% (66%)","100,000 .. 200,000","04:19 (01:26)","Noumena Studios","Kalypso Media Digital"
"483","Marlow Briggs and the Mask of Death","Sep 20, 2013","$4.99","80% (91%)","100,000 .. 200,000","00:00 (00:00)","Zootfly","505 Games"
"487","Not The Robots","Dec 12, 2013","$9.99","51% (80%)","100,000 .. 200,000","00:00 (00:00)","2DArray","tinyBuild"
"499","Ohm Studio","Dec 9, 2013","Free","27% (66%)","100,000 .. 200,000","00:00 (00:00)","GRAOUMF","Ohm Force"
"506","Enigmatis 2: The Mists of Ravenwood","Sep 25, 2013","$9.99","97% (97%)","100,000 .. 200,000","00:00 (00:00)","Artifex Mundi","Artifex Mundi"
"35","Avadon 2: The Corruption","Oct 30, 2013","$9.99","63% (85%/82%)","50,000 .. 100,000","00:00 (00:00)","Spiderweb Software","Spiderweb Software"
"61","Soundodger+","Oct 11, 2013","$7.99","80% (91%/78%)","50,000 .. 100,000","00:31 (00:16)","Studio Bean","Adult Swim Games"
"72","Element4l","May 24, 2013","$8.99","60% (84%/77%)","50,000 .. 100,000","00:01 (00:00)","I-Illusions","I-Illusions"
"86","ShootMania Storm","Apr 10, 2013","$19.99","63% (85%/76%)","50,000 .. 100,000","00:00 (00:00)","Nadeo","Ubisoft"
"108","Paper Sorcerer","Nov 21, 2013","$4.99","66% (86%/73%)","50,000 .. 100,000","00:00 (00:00)","Ultra Runaway Games","Ultra Runaway Games"
"116","Dungeon Hearts","Mar 28, 2013","$2.99","28% (67%/73%)","50,000 .. 100,000","00:00 (00:00)","Cube Roots","Devolver Digital"
"117","MirrorMoon EP","Sep 4, 2013","$14.99","27% (66%/73%)","50,000 .. 100,000","04:52 (01:37)","Santa Ragione","Santa Ragione"
"120","Aarklash: Legacy","Sep 12, 2013","$15.99","47% (78%/72%)","50,000 .. 100,000","00:00 (00:00)","Cyanide Studio","Bigben Interactive"
"123","Tetrobot and Co.","Oct 22, 2013","$9.99","97% (97%/72%)","50,000 .. 100,000","00:53 (00:17)","Swing Swing Submarine","Swing Swing Submarine"
"128","March of the Eagles","Feb 18, 2013","$19.99","27% (66%/71%)","50,000 .. 100,000","00:00 (00:00)","Paradox Development Studio","Paradox Interactive"
"140","Foul Play","Sep 18, 2013","$14.99","60% (84%/69%)","50,000 .. 100,000","00:00 (00:00)","Mediatonic, The Irregular Corporation","Devolver Digital"
"143","Ironclad Tactics","Sep 18, 2013","$14.99","47% (78%/69%)","50,000 .. 100,000","00:23 (00:08)","Zachtronics","Zachtronics"
"163","Rise of Venice","Sep 27, 2013","$19.99","16% (57%/66%)","50,000 .. 100,000","19:05 (06:21)","","Kalypso Media Digital"
"165","Oozi: Earth Adventure","Dec 5, 2013","$4.99","68% (87%/66%)","50,000 .. 100,000","00:00 (00:00)","Awesome Games Studio","Awesome Games Studio"
"166","The Yawhg","May 30, 2013","$9.99","51% (80%/66%)","50,000 .. 100,000","00:00 (00:00)","Damian Sommer, Emily Carroll","Damian Sommer"
"187","Oknytt","Jul 8, 2013","$4.99","87% (93%/61%)","50,000 .. 100,000","02:32 (00:50)","Nemoria Entertainment","Nemoria Entertainment"
"194","Face Noir","Oct 17, 2013","$9.99","22% (62%/59%)","50,000 .. 100,000","03:31 (01:10)","Mad Orange","Phoenix Online Publishing"
"195","Shattered Haven","Mar 18, 2013","$9.99","8% (45%/59%)","50,000 .. 100,000","00:00 (00:00)","Arcen Games, LLC","Arcen Games, LLC"
"196","Master Reboot","Oct 29, 2013","$14.99","39% (74%/59%)","50,000 .. 100,000","00:00 (00:00)","Wales Interactive","Wales Interactive"
"201","Knock-knock","Oct 4, 2013","$9.99","74% (89%/57%)","50,000 .. 100,000","00:00 (00:00)","Ice-Pick Lodge","Ice-Pick Lodge"
"217","DARK","Jul 3, 2013","$9.99","9% (47%/41%)","50,000 .. 100,000","00:00 (00:00)","Realmforge Studios","Kalypso Media Digital"
"218","The Chaos Engine","Aug 29, 2013","$9.99","33% (70%/40%)","50,000 .. 100,000","00:00 (00:00)","Abstraction Games, The Bitmap Brothers","The Bitmap Brothers"
"219","Montague's Mount","Nov 19, 2013","$4.99","23% (63%/39%)","50,000 .. 100,000","00:00 (00:00)","PolyPusher Studios","PolyPusher Studios"
"220","Dementium II HD","Dec 17, 2013","N/A","9% (46%/37%)","50,000 .. 100,000","00:00 (00:00)","Memetic Games","Missing Link Games"
"233","Zombie Tycoon 2: Brainhov's Revenge","Dec 9, 2013","$4.99","25% (65%)","50,000 .. 100,000","01:47 (00:35)","Frima Studio","Frima Studio"
"237","Tiny Brains","Dec 11, 2013","$9.99","45% (77%)","50,000 .. 100,000","00:00 (00:00)","Spearhead Games","505 Games"
"238","Wildlife Park 2 - Fantasy","Nov 15, 2013","$0.99","11% (49%)","50,000 .. 100,000","00:00 (00:00)","b-alive gmbh","b-alive gmbh"
"246","Left in the Dark: No One on Board","Aug 20, 2013","$9.99","55% (82%)","50,000 .. 100,000","00:00 (00:00)","Moonrise Interactive","Artifex Mundi"
"255","Bad Hotel","Oct 16, 2013","$4.99","3% (30%)","50,000 .. 100,000","00:00 (00:00)","Lucky Frame","Lucky Frame"
"258","Droid Assault","Jan 9, 2013","$9.99","60% (84%)","50,000 .. 100,000","00:00 (00:00)","Puppygames","Puppygames"
"260","Namariel Legends: Iron Lord Premium Edition","Jun 5, 2013","$6.99","77% (90%)","50,000 .. 100,000","00:00 (00:00)","Shaman Games Studio","PlayRIX"
"283","Mini Motor Racing EVO","May 1, 2013","$4.99","30% (68%)","50,000 .. 100,000","02:31 (00:50)","The Binary Mill","The Binary Mill"
"286","Eryi's Action","Nov 19, 2013","$4.99","74% (89%)","50,000 .. 100,000","00:00 (00:00)","Xtal Sword","Xtal Sword"
"292","Ms. Splosion Man","Apr 3, 2013","$9.99","60% (84%)","50,000 .. 100,000","00:00 (00:00)","Twisted Pixel Games","Microsoft Studios"
"295","Airport Simulator 2014","Dec 19, 2013","$9.99","1% (10%)","50,000 .. 100,000","00:00 (00:00)","United Independent Entertainment GmbH","United Independent Entertainment GmbH"
"296","Blood Knights","Nov 13, 2013","$9.99","25% (65%)","50,000 .. 100,000","01:33 (01:01)","Deck 13","Kalypso Media Digital"
"298","Artemis Spaceship Bridge Simulator","Sep 16, 2013","$6.99","71% (88%)","50,000 .. 100,000","00:00 (00:00)","","Slitherine Ltd."
"302","Wizardry 6: Bane of the Cosmic Forge","Sep 10, 2013","$4.99","45% (77%)","50,000 .. 100,000","00:57 (00:19)","Sir-Tech","Gamepot, Inc., Nightdive Studios"
"303","Gravity Badgers","Nov 28, 2013","$4.99","33% (70%)","50,000 .. 100,000","00:00 (00:00)","Wales Interactive","Wales Interactive"
"307","Dysfunctional Systems: Learning to Manage Chaos","Apr 4, 2013","$4.99","45% (77%)","50,000 .. 100,000","00:00 (00:00)","Dischan Media","Dischan Media"
"320","Paranormal State: Poison Spring","Nov 26, 2013","$9.99","45% (77%)","50,000 .. 100,000","02:08 (00:42)","Teyon","Legacy Games"
"323","Primal Fears","Jan 8, 2013","$9.99","18% (59%)","50,000 .. 100,000","00:00 (00:00)","DnS Development","DnS Development"
"324","Cognition: An Erica Reed Thriller","Sep 19, 2013","$14.99","55% (82%)","50,000 .. 100,000","00:00 (00:00)","Phoenix Online Studios","Phoenix Online Publishing"
"335","The Shivah","Nov 21, 2013","$4.99","55% (82%)","50,000 .. 100,000","00:00 (00:00)","","Wadjet Eye Games"
"338","VelocityUltra","Dec 12, 2013","$9.99","63% (85%)","50,000 .. 100,000","00:00 (00:00)","Curve Digital, FuturLab","Curve Digital"
"343","RaidersSphere4th","Dec 31, 2013","$19.99","58% (83%)","50,000 .. 100,000","00:00 (00:00)","Rectangle","Sekai Project"
"344","9 Clues: The Secret of Serpent Creek","Jul 18, 2013","$9.99","74% (89%)","50,000 .. 100,000","00:00 (00:00)","Tap It Games","Artifex Mundi"
"345","Postmortem: One Must Die (Extended Cut)","Aug 15, 2013","$2.99","8% (45%)","50,000 .. 100,000","00:00 (00:00)","Unbound Creations","Unbound Creations"
"352","Stonerid","Dec 18, 2013","$4.99","28% (67%)","50,000 .. 100,000","00:00 (00:00)","Enitvare","Enitvare"
"355","Chernobyl Commando","Mar 8, 2013","$9.99","3% (26%)","50,000 .. 100,000","00:00 (00:00)","Silden","KISS ltd"
"364","Ultratron","Mar 18, 2013","$9.99","77% (90%)","50,000 .. 100,000","00:00 (00:00)","Puppygames","Puppygames"
"366","Shadows: Price For Our Sins Bonus Edition","Mar 21, 2013","$9.99","11% (49%)","50,000 .. 100,000","00:00 (00:00)","8th Floor Games","Encore, Viva Media"
"367","Mutant Mudds Deluxe","Nov 21, 2013","$9.99","47% (78%)","50,000 .. 100,000","00:00 (00:00)","Renegade Kid","Good Shepherd Entertainment"
"370","Zafehouse: Diaries","Sep 6, 2013","$1.99","28% (67%)","50,000 .. 100,000","00:00 (00:00)","Screwfly Studios","Screwfly Studios"
"372","Wizardry 7: Crusaders of the Dark Savant","Sep 10, 2013","$4.99","74% (89%)","50,000 .. 100,000","00:01 (00:00)","Sir-Tech","Gamepot, Inc., Nightdive Studios"
"380","Agricultural Simulator 2013 - Steam Edition","Jun 7, 2013","$9.99","2% (22%)","50,000 .. 100,000","00:40 (00:13)","Actalogic","United Independent Entertainment GmbH"
"382","Emergency 2014","Nov 15, 2013","$9.99","16% (57%)","50,000 .. 100,000","01:13 (00:24)","Sixteen Tons Entertainment","Sixteen Tons Entertainment"
"393","MotoGP13","Jun 20, 2013","$9.99","31% (69%)","50,000 .. 100,000","01:06 (00:22)","Milestone S.r.l.","Plug In Digital, Milestone S.r.l."
"399","Aces Wild: Manic Brawling Action!","Aug 8, 2013","$9.99","58% (83%)","50,000 .. 100,000","00:00 (00:00)","Culture Attack Studio, Tyler Doak","Culture Attack Studio"
"400","Clockwork Tales: Of Glass and Ink","Aug 8, 2013","$9.99","74% (89%)","50,000 .. 100,000","00:00 (00:00)","Artifex Mundi","Artifex Mundi"
"408","Time Mysteries 3: The Final Enigma","Jan 13, 2013","$9.99","66% (86%)","50,000 .. 100,000","00:00 (00:00)","Artifex Mundi","Artifex Mundi"
"410","Luxor 2 HD","May 13, 2013","$9.99","36% (72%)","50,000 .. 100,000","00:00 (00:00)","MumboJumbo","MumboJumbo"
"411","Alex Hunter - Lord of the Mind Platinum Edition","Dec 3, 2013","$6.99","53% (81%)","50,000 .. 100,000","03:31 (01:10)","Alawar","Viva Media"
"424","Nimble Quest","Dec 6, 2013","$4.99","77% (90%)","50,000 .. 100,000","00:00 (00:00)","","Agharta Studio"
"427","WRC 4 FIA World Rally Championship","Oct 25, 2013","$29.99","23% (63%)","50,000 .. 100,000","00:00 (00:00)","Milestone S.r.l.","Plug In Digital, Bigben Interactive"
"436","Super Puzzle Platformer Deluxe","May 24, 2013","$7.99","90% (94%)","50,000 .. 100,000","00:11 (00:06)","Andrew Morrish","Adult Swim Games"
"437","Dominions 4: Thrones of Ascension","Dec 5, 2013","$34.99","77% (90%)","50,000 .. 100,000","00:37 (00:12)","Illwinter Game Design","Illwinter Game Design"
"438","Super Motherload","Nov 15, 2013","$14.99","45% (77%)","50,000 .. 100,000","00:11 (00:03)","XGen Studios","XGen Studios"
"443","Kingdoms Rise","Nov 18, 2013","$14.99","8% (45%)","50,000 .. 100,000","00:00 (00:00)","Flyleap Studios Pty. Ltd.","Flyleap Studios Pty. Ltd."
"446","Hate Plus","Aug 19, 2013","$9.99","66% (86%)","50,000 .. 100,000","00:00 (00:00)","Love Conquers All Games","Love Conquers All Games"
"455","Knytt Underground","Oct 25, 2013","$6.99","58% (83%)","50,000 .. 100,000","00:00 (00:00)","Nifflas' Games","Ripstone"
"457","Zack Zero","Apr 29, 2013","$2.99","23% (63%)","50,000 .. 100,000","00:00 (00:00)","Crocodile Entertainment","Crocodile Entertainment"
"464","Reversion - The Meeting (2nd Chapter)","Mar 12, 2013","$4.99","31% (69%)","50,000 .. 100,000","00:00 (00:00)","3f Interactive","3f Interactive"
"474","Realms of Arkania: Blade of Destiny","Jul 29, 2013","$14.99","11% (50%)","50,000 .. 100,000","00:00 (00:00)","Crafty Studios","United Independent Entertainment GmbH"
"486","Woodcutter Simulator 2013","Dec 19, 2013","$9.99","2% (22%)","50,000 .. 100,000","00:00 (00:00)","United Independent Entertainment GmbH","United Independent Entertainment GmbH"
"490","Doorways: Prelude","Sep 20, 2013","$9.99","21% (61%)","50,000 .. 100,000","01:18 (00:26)","Saibot Studios","Saibot Studios"
"504","Leisure Suit Larry in the Land of the Lounge Lizards: Reloaded","Jun 27, 2013","N/A","51% (80%)","50,000 .. 100,000","00:00 (00:00)","nFusion Interactive","Replay Games"
"510","99 Spirits","May 31, 2013","$9.99","39% (74%)","50,000 .. 100,000","00:00 (00:00)","TORaIKI","Fruitbat Factory"
"29","Stick it to The Man!","Dec 13, 2013","$7.99","90% (94%/83%)","20,000 .. 50,000","00:00 (00:00)","Zoink Games","Ripstone"
"41","Dyad","Apr 24, 2013","$14.99","47% (78%/80%)","20,000 .. 50,000","00:00 (00:00)","][ Games Inc","Shawn McGrath"
"64","Samurai Gunn","Dec 10, 2013","$14.99","90% (94%/78%)","20,000 .. 50,000","00:31 (00:20)","Teknopants","Maxistentialism"
"85","Fester Mudd: Curse of the Gold - Episode 1","Nov 4, 2013","$9.99","36% (72%/76%)","20,000 .. 50,000","00:00 (00:00)","","FarSight Studios"
"102","BIT.TRIP FATE","Jul 11, 2013","$9.99","22% (62%/74%)","20,000 .. 50,000","00:15 (00:05)","Gaijin Games","Gaijin Games"
"107","Driftmoon","Feb 26, 2013","$14.99","68% (87%/73%)","20,000 .. 50,000","00:00 (00:00)","Ville Mönkkönen, Anne Mönkkönen","Instant Kingdom"
"110","Fist Puncher","Jun 21, 2013","$9.99","41% (75%/73%)","20,000 .. 50,000","00:00 (00:00)","Team2Bit","Adult Swim Games"
"131","Battle Worlds: Kronos","Nov 4, 2013","$19.99","23% (63%/71%)","20,000 .. 50,000","00:00 (00:00)","KING Art","KING Art, THQ Nordic"
"137","Retrovirus","Jan 31, 2013","$9.99","36% (72%/70%)","20,000 .. 50,000","00:00 (00:00)","Cadenza Interactive","Cadenza Interactive"
"152","Pandora: First Contact","Nov 14, 2013","$29.99","23% (63%/68%)","20,000 .. 50,000","00:00 (00:00)","Proxy Studios","Slitherine Ltd."
"156","A Walk in the Dark","Nov 7, 2013","$6.99","53% (81%/67%)","20,000 .. 50,000","00:00 (00:00)","","QCF Design"
"159","Cloudberry Kingdom","Aug 2, 2013","$9.99","77% (90%/67%)","20,000 .. 50,000","00:00 (00:00)","Pwnee Studios","Ubisoft"
"167","Armada 2526 Gold Edition","Feb 28, 2013","$19.99","18% (59%/66%)","20,000 .. 50,000","00:00 (00:00)","Ntronium Games","Iceberg Interactive"
"169","Alone in the Dark: The New Nightmare","Oct 29, 2013","$6.99","19% (60%/66%)","20,000 .. 50,000","00:08 (00:02)","Darkworks, Spiral House","THQ Nordic"
"175","Defense Technica","Oct 24, 2013","$14.99","6% (38%/63%)","20,000 .. 50,000","00:00 (00:00)","Kuno Interactive","Kuno Interactive"
"177","Storm","Jun 27, 2013","$9.99","30% (68%/63%)","20,000 .. 50,000","00:00 (00:00)","Eko Software","Eko Software"
"179","Bientôt l'été","Feb 6, 2013","$9.99","13% (52%/62%)","20,000 .. 50,000","00:00 (00:00)","Tale of Tales","Tale of Tales"
"181","Redshirt","Nov 13, 2013","$9.99","6% (40%/62%)","20,000 .. 50,000","00:00 (00:00)","The Tiniest Shark","Positech"
"209","Lords of Football","Apr 5, 2013","$14.99","9% (46%/52%)","20,000 .. 50,000","00:00 (00:00)","Geniaware Srl","Fish Eagle"
"212","Bad Bots","May 17, 2013","$4.99","31% (69%/49%)","20,000 .. 50,000","00:00 (00:00)","Point Five Projects","Digital Tribe"
"216","Air Conflicts: Vietnam","Oct 2, 2013","$14.99","3% (27%/43%)","20,000 .. 50,000","00:00 (00:00)","Games Farm","Games Farm"
"222","Citadels","Jul 25, 2013","$14.99","1% (13%/20%)","20,000 .. 50,000","00:00 (00:00)","Games Distillery s.r.o.","HandyGames"
"224","Tomb Raider - The Final Hours Digital Book","Mar 7, 2013","$1.99","77% (90%)","20,000 .. 50,000","00:00 (00:00)","Geoff Keighley","Geoff Keighley"
"228","Bunny Must Die! Chelsea and the 7 Devils","Sep 26, 2013","$9.99","30% (68%)","20,000 .. 50,000","00:00 (00:00)","Platine Dispositif","Rockin' Android, Rockin Android"
"239","Smooth Operators","Jan 14, 2013","$2.99","38% (73%)","20,000 .. 50,000","00:00 (00:00)","Heydeck Games","Heydeck Games"
"245","Farm for your Life","Jun 5, 2013","$9.99","47% (78%)","20,000 .. 50,000","00:01 (00:00)","Hammer Labs","Hammer Labs"
"248","Vox","Nov 12, 2013","$9.99","2% (24%)","20,000 .. 50,000","00:00 (00:00)","","Warner Bros. Interactive Entertainment"
"249","Zombie Solitaire","Nov 15, 2013","$8.99","39% (74%)","20,000 .. 50,000","00:00 (00:00)","rokaplay","rokaplay"
"251","Wooden Sen'SeY","Dec 5, 2013","$9.99","30% (68%)","20,000 .. 50,000","00:00 (00:00)","Upper Byte","Spawn Digital"
"252","Farm Frenzy 4","Aug 1, 2013","$6.99","47% (78%)","20,000 .. 50,000","00:01 (00:00)","Alawar Entertainment","Buka Entertainment"
"278","Jack Keane 2 - The Fire Within","Jun 28, 2013","$19.99","N/A (N/A)","20,000 .. 50,000","00:00 (00:00)","Deck 13","astragon Entertainment"
"282","Salvation Prophecy","Oct 7, 2013","$19.99","23% (63%)","20,000 .. 50,000","00:00 (00:00)","Firedance Games","Vertigo Gaming Inc."
"285","Go Home Dinosaurs!","Mar 14, 2013","$9.99","90% (94%)","20,000 .. 50,000","00:00 (00:00)","Fire Hose Games","Fire hose Games"
"289","Vector","Dec 4, 2013","$6.99","71% (88%)","20,000 .. 50,000","00:26 (00:12)","","Nekki GmbH"
"294","Deer Hunt Legends","Jan 7, 2013","$4.99","N/A (N/A)","20,000 .. 50,000","00:02 (00:00)","Raylight Games","KISS ltd, Maximum Games"
"297","Eleusis","Oct 16, 2013","$14.99","22% (62%)","20,000 .. 50,000","00:01 (00:00)","Nocturnal works","Nocturnal works"
"299","Elementary My Dear Majesty!","Nov 15, 2013","$0.99","45% (77%)","20,000 .. 50,000","00:00 (00:00)","Alawar Dreamdale","Alawar Entertainment"
"300","The Treasures of Montezuma 4","Oct 9, 2013","$6.99","58% (83%)","20,000 .. 50,000","00:00 (00:00)","Alawar Entertainment","Buka Entertainment"
"305","The Mysterious Cities of Gold","Nov 21, 2013","$11.99","49% (79%)","20,000 .. 50,000","00:00 (00:00)","Neko Entertainment","Neko Entertainment"
"306","Reach for the Sun","May 6, 2013","$4.99","27% (66%)","20,000 .. 50,000","00:00 (00:00)","Filament Games","Treexy"
"314","Alien Spidy","Mar 20, 2013","$9.99","12% (51%)","20,000 .. 50,000","00:00 (00:00)","Enigma SP","Kalypso Media Digital"
"319","Farming Giant","May 28, 2013","$1.99","2% (19%)","20,000 .. 50,000","00:00 (00:00)","Actalogic","Toplitz Productions"
"326","Poöf","Nov 8, 2013","$6.99","68% (87%)","20,000 .. 50,000","00:00 (00:00)","Arkedo","Neko Entertainment"
"328","Magrunner: Dark Pulse","Jun 20, 2013","$9.99","63% (85%)","20,000 .. 50,000","00:00 (00:00)","Frogwares","Frogwares"
"329","Ride 'em Low","Nov 4, 2013","$2.99","17% (58%)","20,000 .. 50,000","00:00 (00:00)","Red Dot Games, PLAY","Libredia"
"339","MURI","Dec 6, 2013","$4.99","90% (94%)","20,000 .. 50,000","00:00 (00:00)","Ludosity, Remar Games","Ludosity"
"340","Castle: Never Judge a Book by its Cover","Jul 9, 2013","N/A","24% (64%)","20,000 .. 50,000","00:00 (00:00)","Gunnar Games","Viva Media, GameMill"
"346","Luxuria Superbia","Nov 5, 2013","$6.99","58% (83%)","20,000 .. 50,000","00:00 (00:00)","Tale of Tales","Tale of Tales"
"349","InFlux","Jul 23, 2013","$9.99","34% (71%)","20,000 .. 50,000","00:00 (00:00)","Impromptu Games","Impromptu Games"
"350","Angry Birds Space","Mar 7, 2013","$4.99","74% (89%)","20,000 .. 50,000","00:00 (00:00)","Rovio Entertainment Ltd","Rovio Entertainment Ltd"
"357","FINAL FANTASY XI: Ultimate Collection Seekers Edition","Apr 19, 2013","$9.89","60% (84%)","20,000 .. 50,000","41:52 (27:54)","Square Enix","Square Enix"
"369","Blue Rose","Aug 17, 2013","$15.99","51% (80%)","20,000 .. 50,000","00:00 (00:00)","White Cat","White Cat"
"377","Tiny Barbarian DX","Dec 3, 2013","$29.99","68% (87%)","20,000 .. 50,000","00:00 (00:00)","StarQuail Games","Nicalis, Inc"
"384","Gentlemen!","Nov 5, 2013","$4.99","33% (70%)","20,000 .. 50,000","00:00 (00:00)","Lucky Frame","Blazing Griffin Ltd."
"385","Flashback","Oct 1, 2013","$9.99","21% (61%)","20,000 .. 50,000","00:00 (00:00)","","Ubisoft"
"398","Small Town Terrors Pilgrim's Hook Collector's Edition","Apr 18, 2013","$14.99","53% (81%)","20,000 .. 50,000","00:00 (00:00)","Gunnar Games","Viva Media"
"404","Intake","Nov 5, 2013","$9.99","93% (95%)","20,000 .. 50,000","00:00 (00:00)","Cipher Prime Studios","Cipher Prime Studios"
"406","Disillusions Manga Horror","Apr 6, 2013","$0.99","16% (57%)","20,000 .. 50,000","00:00 (00:00)","StephenAllen","StephenAllen"
"414","Mr. Bree+","Nov 26, 2013","$2.99","68% (87%)","20,000 .. 50,000","00:00 (00:00)","TawStudio Entertainment","TawStudio Entertainment"
"444","PCMark 8","Oct 21, 2013","$24.99","N/A (N/A)","20,000 .. 50,000","00:00 (00:00)","UL","UL"
"445","Gimbal","Nov 19, 2013","$9.99","55% (82%)","20,000 .. 50,000","00:00 (00:00)","8888888 LABS","8888888 LABS"
"448","Truck Racer","Oct 18, 2013","$9.99","30% (68%)","20,000 .. 50,000","00:00 (00:00)","Kylotonn Entertainment","Plug In Digital, Bigben Interactive"
"454","Dead Sky","Nov 22, 2013","$1.99","6% (38%)","20,000 .. 50,000","00:00 (00:00)","","rokapublish"
"460","Gods vs Humans","Sep 5, 2013","$4.99","11% (50%)","20,000 .. 50,000","00:00 (00:00)","Artefacts Studio","Microids Indie"
"465","Risk","Jun 10, 2013","$9.99","6% (39%)","20,000 .. 50,000","00:00 (00:00)","Sperasoft, Inc.","PopCap"
"467","9.03m","Sep 12, 2013","Free","55% (82%)","20,000 .. 50,000","00:00 (00:00)","Space Budgie","Space Budgie"
"470","Tank Operations: European Campaign","Nov 22, 2013","$19.99","3% (29%)","20,000 .. 50,000","00:00 (00:00)","Linked Dimensions","rokapublish"
"476","Joe Danger","Jun 24, 2013","$14.99","58% (83%)","20,000 .. 50,000","00:00 (00:00)","Hello Games","Hello Games"
"478","Ski Region Simulator - Gold Edition","Jan 16, 2013","$8.99","38% (73%)","20,000 .. 50,000","00:16 (00:05)","Giants Software","Giants Software"
"495","Legends of Aethereus","Sep 27, 2013","N/A","2% (24%)","20,000 .. 50,000","00:00 (00:00)","Three Gates","Three Gates"
"502","Heroes Rise: The Hero Project","Sep 20, 2013","$3.99","55% (82%)","20,000 .. 50,000","00:00 (00:00)","Choice of Games","Choice of Games"
"505","Bridge It +","Nov 18, 2013","$6.99","23% (63%)","20,000 .. 50,000","00:00 (00:00)","Chronic Logic","Libredia Entertainment"
"508","Angelica Weaver: Catch Me When You Can","Jan 7, 2013","$13.99","36% (72%)","20,000 .. 50,000","00:00 (00:00)","MumboJumbo","MumboJumbo"
"509","Beast Boxing Turbo","Nov 19, 2013","$4.99","68% (87%)","20,000 .. 50,000","00:00 (00:00)","","Triple.B.Titles"
"32","Dominions 3: The Awakening","Sep 10, 2013","$19.99","47% (78%/82%)","0 .. 20,000","00:00 (00:00)","Illwinter Game Design","Illwinter Game Design"
"34","Rising Storm Game of the Year Edition","May 30, 2013","$19.99","99% (98%/82%)","0 .. 20,000","00:00 (00:00)","Tripwire Interactive, Anti Matter Games","Tripwire Interactive"
"145","Rain Blood Chronicles: Mirage","Nov 11, 2013","$4.99","38% (73%/68%)","0 .. 20,000","00:00 (00:00)","","Origo Games"
"190","Signal Ops","Apr 2, 2013","$9.99","24% (64%/61%)","0 .. 20,000","00:00 (00:00)","Space Bullet Dynamics Corporation","Space Bullet Dynamics Corporation"
"214","Hexodius","Jun 21, 2013","$9.99","N/A (N/A/47%)","0 .. 20,000","00:00 (00:00)","Brain Slap Studio","BANDAI NAMCO Entertainment"
"227","Secret Files: Sam Peters","Oct 18, 2013","$9.99","23% (63%)","0 .. 20,000","00:00 (00:00)","Animation Arts","Deep Silver"
"229","Gravi","Oct 8, 2013","$4.99","13% (53%)","0 .. 20,000","00:00 (00:00)","Hashbang Games","Vertigo Gaming Inc."
"231","Scrabble","Jun 10, 2013","$9.99","N/A (N/A)","0 .. 20,000","00:00 (00:00)","Sperasoft, Inc.","PopCap"
"234","Nameless ~The one thing you must recall~","Nov 11, 2013","$29.99","90% (94%)","0 .. 20,000","00:00 (00:00)","Sujin Ri, Yunjeong Yun, Hyein Go, Minsu Ock, Marcos Arroyo, Seona Lee, Sohyeon Jeon","Cheritz"
"235","DIVO","Feb 1, 2013","$4.99","N/A (N/A)","0 .. 20,000","00:00 (00:00)","Internal Games","Internal Games"
"241","Bionic Heart 2","Apr 1, 2013","$14.99","N/A (N/A)","0 .. 20,000","00:00 (00:00)","Winter Wolves","Winter Wolves"
"243","Princess Battles","Jul 26, 2013","$16.99","N/A (N/A)","0 .. 20,000","00:00 (00:00)","Nekomura Games","Nekomura Games"
"254","Spaceforce Constellations","Dec 12, 2013","$9.99","N/A (N/A)","0 .. 20,000","00:00 (00:00)","Dreamatrix","Dreamatrix"
"261","Cut the Rope","Mar 22, 2013","$4.99","74% (89%)","0 .. 20,000","00:00 (00:00)","Zeptolab UK Limited","Zeptolab UK Limited"
"264","I Am Vegend - Zombiegeddon","Jan 10, 2013","$1.99","N/A (N/A)","0 .. 20,000","00:00 (00:00)","Appmania/i-Free","Libredia"
"266","RaySupreme 3D","Dec 16, 2013","$39.99","N/A (N/A)","0 .. 20,000","00:00 (00:00)","BrainDistrict","BrainDistrict"
"267","Choice of the Deathless","Dec 20, 2013","$4.99","87% (93%)","0 .. 20,000","00:00 (00:00)","Choice of Games","Choice of Games"
"269","Nicole","Oct 17, 2013","$18.99","49% (79%)","0 .. 20,000","00:00 (00:00)","Winter Wolves","Winter Wolves"
"272","Nancy Drew: Ghost of Thornton Hall","May 14, 2013","$19.99","83% (92%)","0 .. 20,000","00:00 (00:00)","HeR Interactive, Inc.","HeR Interactive"
"275","Virtual DJ - Broadcaster Edition","Mar 7, 2013","N/A","9% (46%)","0 .. 20,000","00:00 (00:00)","Atomix Productions","Focus Home Interactive"
"281","Mavis Beacon Teaches Typing Family Edition","Aug 18, 2013","$29.99","N/A (N/A)","0 .. 20,000","00:00 (00:00)","Bytes of Learning","Encore"
"284","Formula Truck 2013","Apr 10, 2013","$9.99","30% (68%)","0 .. 20,000","00:00 (00:00)","Reiza Studios","Reiza Studios"
"288","SLAMMED!","Jun 28, 2013","$4.99","90% (94%)","0 .. 20,000","00:00 (00:00)","Choice of Games","Choice of Games"
"291","Disney Planes","Aug 6, 2013","$19.99","N/A (N/A)","0 .. 20,000","00:00 (00:00)","Behaviour Interactive","Disney Interactive"
"309","LogoMaker 4","Dec 4, 2013","$29.99","19% (60%)","0 .. 20,000","00:00 (00:00)","Studio V5","Studio V5"
"310","PAC-MAN and the Ghostly Adventures","Oct 29, 2013","$19.99","49% (79%)","0 .. 20,000","00:00 (00:00)","NAMCO BANDAI Games","BANDAI NAMCO Entertainment"
"312","Darkfall Unholy Wars","Apr 25, 2013","N/A","25% (65%)","0 .. 20,000","00:00 (00:00)","Aventurine SA","Aventurine"
"315","PlayClaw 5 - Game Recording and Streaming","Sep 10, 2013","$39.99","27% (66%)","0 .. 20,000","00:12 (00:07)","","Gameforge 4D GmbH"
"322","Slam Bolt Scrappers","Mar 14, 2013","$9.99","N/A (N/A)","0 .. 20,000","00:00 (00:00)","Fire Hose Games","Fire Hose Games"
"327","Dungeon Shooter 2","Jun 6, 2013","$7.99","N/A (N/A)","0 .. 20,000","00:00 (00:00)","Rabid Design Studios","Rabid Design Studios"
"331","300 Dwarves","Jun 17, 2013","$6.99","11% (49%)","0 .. 20,000","00:00 (00:00)","Artifex Mundi","Viva Media, Inc"
"333","Battleship","Jun 10, 2013","$9.99","N/A (N/A)","0 .. 20,000","00:00 (00:00)","Sperasoft, Inc.","PopCap"
"337","Blasted Fortress","Nov 20, 2013","$4.99","N/A (N/A)","0 .. 20,000","00:00 (00:00)","Dapper Swine","Dapper Swine"
"347","Geekbench 3","Aug 15, 2013","$14.99","N/A (N/A)","0 .. 20,000","00:00 (00:00)","Primate Labs Inc.","Primate Labs Inc."
"356","Tennis Elbow 2013","Jan 24, 2013","$24.99","77% (90%)","0 .. 20,000","00:10 (00:03)","Mana Games","Mana Games"
"363","Bret Airborne","Apr 9, 2013","$4.99","N/A (N/A)","0 .. 20,000","00:00 (00:00)","Machine 22","Machine 22"
"365","Cranky Cat","Jun 5, 2013","$2.99","N/A (N/A)","0 .. 20,000","00:00 (00:00)","March Entertainment","March Entertainment"
"379","Exodus","Jun 1, 2013","$0.99","N/A (N/A)","0 .. 20,000","00:00 (00:00)","Galhmac Game Studio","Multi-Form"
"381","Call of Duty: Ghosts - Digital Hardened Edition","Nov 4, 2013","$99.99","N/A (N/A)","0 .. 20,000","00:00 (00:00)","Infinity Ward","Activision"
"388","Highborn","Feb 19, 2013","$1.99","24% (64%)","0 .. 20,000","00:00 (00:00)","Jet Set Games","Jet Set Games"
"390","Rise of Prussia Gold","May 8, 2013","$19.99","N/A (N/A)","0 .. 20,000","00:00 (00:00)","Ageod","Slitherine Ltd."
"392","Might & Magic: Heroes VI - Shades of Darkness","May 2, 2013","$14.99","N/A (N/A)","0 .. 20,000","00:00 (00:00)","Virtuos","Ubisoft"
"397","Finders","Aug 15, 2013","$5.99","45% (77%)","0 .. 20,000","00:00 (00:00)","Alawar Entertainment, Amegami","Buka Entertainment"
"401","MovieWriterPro","Sep 28, 2013","$29.99","N/A (N/A)","0 .. 20,000","00:00 (00:00)","The Writer Zone","The Writer Zone"
"403","Ballad of Solar","Apr 18, 2013","$6.99","71% (88%)","0 .. 20,000","00:00 (00:00)","Alawar","Buka Entertainment"
"407","Dark Matter","Oct 17, 2013","$9.99","6% (40%)","0 .. 20,000","00:00 (00:00)","InterWave Studios","Iceberg Interactive"
"412","Songs2See","Nov 26, 2013","$14.99","13% (52%)","0 .. 20,000","00:00 (00:00)","Songquito UG","Songquito UG"
"417","Mosaico","Nov 26, 2013","$19.99","N/A (N/A)","0 .. 20,000","00:00 (00:00)","Soulid Studio","Soulid Studio"
"425","MUD Motocross World Championship","Feb 26, 2013","$9.99","11% (49%)","0 .. 20,000","00:00 (00:00)","Milestone S.r.l.","BANDAI NAMCO Entertainment"
"429","The Game of Life","Jun 10, 2013","$9.99","4% (33%)","0 .. 20,000","00:00 (00:00)","Virtuos","PopCap"
"433","Fritz for Fun 13","Aug 12, 2013","$19.99","N/A (N/A)","0 .. 20,000","00:00 (00:00)","Chessbase","Viva Media"
"434","Train Simulator: West Somerset Railway Route Add-On","Nov 14, 2013","$19.99","N/A (N/A)","0 .. 20,000","00:00 (00:00)","Dovetail Games","Dovetail Games - Trains"
"447","Bounders and Cads","Jan 13, 2013","$1.99","N/A (N/A)","0 .. 20,000","00:00 (00:00)","Wax Lyrical Games","Wax Lyrical Games"
"452","Flashpoint Campaigns: Red Storm Player's Edition","Oct 9, 2013","$49.99","80% (91%)","0 .. 20,000","00:00 (00:00)","On Target Simulations","Slitherine Ltd."
"461","The Happy Hereafter","Oct 2, 2013","$3.99","47% (78%)","0 .. 20,000","03:01 (01:00)","Alawar, Mirball Games","Buka Entertainment"
"473","Solar War","Aug 20, 2013","$19.99","N/A (N/A)","0 .. 20,000","00:00 (00:00)","Snipefish Entertainment","Snipefish Entertainment"
"475","Metal Planet","Nov 11, 2013","$5.99","N/A (N/A)","0 .. 20,000","04:20 (01:26)","Pavel Bulatov","Pavel Bulatov"
"481","Perfection.","May 17, 2013","$2.99","15% (55%)","0 .. 20,000","00:00 (00:00)","Greg Lobanov","Digital Tribe"
"484","Pirates vs Corsairs: Davy Jones's Gold","May 23, 2013","$4.99","N/A (N/A)","0 .. 20,000","00:00 (00:00)","Little World Studio","Games For All"
"488","Train Simulator: Pacific Surfliner LA - San Diego Route","Oct 17, 2013","$19.99","N/A (N/A)","0 .. 20,000","00:00 (00:00)","Dovetail Games","Dovetail Games - Trains"
"489","Civil War II","Sep 17, 2013","$39.99","43% (76%)","0 .. 20,000","00:00 (00:00)","Ageod","Slitherine Ltd."
"492","MOAI: Build Your Dream","Apr 7, 2013","$6.99","47% (78%)","0 .. 20,000","00:00 (00:00)","Alawar Entertainment, Toyman Interactive","Buka Entertainment"
"497","World Basketball Tycoon","Nov 18, 2013","$2.99","1% (11%)","0 .. 20,000","00:00 (00:00)","","Strategy First"
"500","Train Simulator: East Coast Main Line London-Peterborough Route Add-On","Dec 5, 2013","$19.99","N/A (N/A)","0 .. 20,000","00:00 (00:00)","Dovetail Games","Dovetail Games - Trains"
"511","Aartform Curvy 3D 3.0","Nov 12, 2013","$99.99","N/A (N/A)","0 .. 20,000","00:00 (00:00)","Aartform","Aartform"